Date,Open,Close,High,Low,Volume
2017/12/29,192.51,191.96,193.95,191.22,5187606
2018/01/02,196.1,201.07,201.65,195.42,10966889
2018/01/03,202.05,205.05,206.21,201.5,8591369
2018/01/04,206.2,205.63,207.05,204,6029616
2018/01/05,207.25,209.99,210.02,205.59,7033240
2018/01/08,210.02,212.05,212.5,208.44,5580178
2018/01/09,212.11,209.31,212.98,208.59,6125855
2018/01/10,207.57,212.52,213.64,206.91,5951486
2018/01/11,214.29,217.24,217.75,213.35,7659485
2018/01/12,217.18,221.23,222.55,216,8199423
2018/01/16,224.24,221.53,226.07,217.2,13516067
2018/01/17,221,217.5,221.15,216.32,9123056
2018/01/18,220.34,220.33,220.58,216.55,8225339
2018/01/19,222.75,220.46,223.49,218.5,10548567
2018/01/22,222,227.58,227.79,221.2,17703293
2018/01/23,255.05,250.29,257.71,248.02,27705332
2018/01/24,250.88,261.3,261.71,249.31,17352448
2018/01/25,263,269.7,272.3,260.23,15336378
2018/01/26,271.49,274.6,274.6,268.76,11021839
2018/01/29,274.2,284.59,286.81,273.92,17529749
2018/01/30,277,278.8,282.73,272.7,12482852
2018/01/31,281.94,270.3,282.29,269.58,11695072
2018/02/01,266.41,265.07,271.95,263.38,9669011
2018/02/02,263,267.43,270.62,262.71,9123610
2018/02/05,262,254.26,267.9,250.03,11896053
2018/02/06,247.7,265.72,266.7,245,12595801
2018/02/07,266.58,264.56,272.45,264.33,8981548
2018/02/08,267.08,250.1,267.62,250,9306701
2018/02/09,253.85,249.47,255.8,236.11,16906942
2018/02/12,252.14,257.95,259.15,249,8534906
2018/02/13,257.29,258.27,261.41,254.7,6855151
2018/02/14,260.47,266,269.88,260.33,10971985
2018/02/15,270.03,280.27,280.5,267.63,10759667
2018/02/16,278.73,278.52,281.96,275.69,8312380
2018/02/20,277.74,278.55,285.81,276.61,7769023
2018/02/21,282.07,281.04,286.64,280.01,9371121
2018/02/22,283.88,278.14,284.5,274.45,8891535
2018/02/23,281,285.93,286,277.81,7301809
2018/02/26,288.75,294.16,295.65,287.01,10268633
2018/02/27,294.77,290.61,297.36,290.59,9416489
2018/02/28,293.1,291.38,295.75,290.78,7653454
2018/03/01,292.75,290.39,295.25,283.83,11932051
2018/03/02,284.65,301.05,301.18,283.23,13345313
2018/03/05,302.85,315,316.91,297.6,18986099
2018/03/06,319.88,325.22,325.79,316.5,18525844
2018/03/07,320,321.16,323.74,314.55,17132222
2018/03/08,322.2,317,322.92,314.13,11340066
2018/03/09,321.33,331.44,331.44,320.23,14500219
2018/03/12,333.56,321.3,333.98,318.6,20369152
2018/03/13,323.87,315.88,325.84,313.28,12917224
2018/03/14,318.16,321.55,323.88,317.7,10475073
2018/03/15,323.17,321.09,323.4,318.14,5642883
2018/03/16,321.42,318.45,324.11,318.37,7333734
2018/03/19,315.8,313.48,317,307.34,9925162
2018/03/20,313.26,317.5,319.5,312.8,5991945
2018/03/21,316.35,316.48,319.4,314.51,5263911
2018/03/22,313.07,306.7,314.12,305.66,8063305
2018/03/23,307.41,300.94,310.73,300.36,9529948
2018/03/26,309.36,320.35,321.03,302,11988274
2018/03/27,322.49,300.69,322.9,297,12068632
2018/03/28,298.39,285.77,298.8,281.61,18972912
2018/03/29,287,295.35,295.35,275.9,19145522
2018/04/02,291.94,280.29,292.87,275.05,13405760
2018/04/03,285.45,283.67,291.25,278.01,12694862
2018/04/04,273.63,288.94,290.31,271.22,12913978
2018/04/05,293.15,293.97,299.16,289.11,10655178
2018/04/06,289.1,288.85,298.85,285.65,11444777
2018/04/09,291.77,289.93,299.55,289.12,9853564
2018/04/10,297.68,298.07,298.95,291.69,10719097
2018/04/11,302.88,303.67,311.64,301.82,14877429
2018/04/12,309.72,309.25,311.13,306.75,10249403
2018/04/13,317.29,311.65,317.49,308.23,12046573
2018/04/16,315.99,307.78,316.1,304,20307921
2018/04/17,329.66,336.06,338.62,323.77,33866456
2018/04/18,336.3,334.52,338.82,331.1,11221139
2018/04/19,332.88,332.7,335.31,326.77,8438825
2018/04/20,332.22,327.77,336.51,326,9158655
2018/04/23,329.15,318.69,331.22,317.08,8968015
2018/04/24,319.22,307.02,320.25,302.31,13893217
2018/04/25,306.37,305.76,309.98,292.62,14919698
2018/04/26,310,313.98,316.63,305.58,9266699
2018/04/27,316.25,311.76,317.45,306.5,7074384
2018/04/30,311.07,312.46,317.88,310.12,6088787
2018/05/01,310.36,313.3,313.48,306.69,6036639
2018/05/02,311.65,313.36,317.1,310.4,5697120
2018/05/03,312.59,311.69,312.59,305.73,6135828
2018/05/04,308.71,320.09,320.98,307.67,8209513
2018/05/07,321.99,326.26,329.02,319.34,7117823
2018/05/08,325.9,326.89,327.35,323.05,4735738
2018/05/09,328.79,330.3,331.95,327.51,5633444
2018/05/10,331.5,329.6,332.06,327.34,5302254
2018/05/11,329.65,326.46,331.26,324.87,4589731
2018/05/14,327.25,328.53,330.5,327.04,4089800
2018/05/15,325.94,326.13,326.94,322.43,4746096
2018/05/16,326.28,328.19,329.72,325.14,3671690
2018/05/17,327.53,325.22,330.45,323.17,4935708
2018/05/18,324.9,324.18,326.42,322.8,3577717
2018/05/21,327.11,331.82,331.88,325.45,6657326
2018/05/22,334.05,331.62,336.63,331.15,5964448
2018/05/23,329.04,344.72,345,328.09,10049147
2018/05/24,344.34,349.29,354,341.12,14758553
2018/05/25,349.9,351.29,354.36,348.83,7817400
2018/05/29,351.5,349.73,356.1,346.71,9717921
2018/05/30,352.37,353.54,354,349.26,5685531
2018/05/31,353.8,351.6,355.53,350.21,6921687
2018/06/01,353.88,359.93,359.99,352.82,7112292
2018/06/04,362.68,361.81,363,355.51,7681995
2018/06/05,363.32,365.8,369.83,361.41,8358045
2018/06/06,367.78,367.45,369.68,363.33,7712302
2018/06/07,368.54,361.4,368.7,357.8,8278040
2018/06/08,358.06,360.57,362.39,356.25,5225736
2018/06/11,361.88,361.45,365.67,360.91,4432445
2018/06/12,363.6,363.83,365.98,362,4290969
2018/06/13,367.53,379.93,384.25,364.11,18222799
2018/06/14,384.27,392.87,395.03,383.25,14598333
2018/06/15,390.71,391.98,398.86,387.51,13588114
2018/06/18,387.72,390.4,393.16,386.5,6824794
2018/06/19,389.5,404.98,405.29,388.5,16697104
2018/06/20,415.15,416.76,419.47,409.6,16494572
2018/06/21,421.38,415.44,423.21,406.37,18389936
2018/06/22,419.98,411.09,420.5,409.65,10428621
2018/06/25,404.69,384.48,405.99,378.75,22490922
2018/06/26,393.28,399.39,404.78,389.05,15191157
2018/06/27,407.56,390.39,411.59,390,16541426
2018/06/28,395,395.42,396.9,387.1,12219888
2018/06/29,399.19,391.43,401.33,390.55,9252511
2018/07/02,385.45,398.18,398.38,380,8142457
2018/07/03,399.49,390.52,399.98,389.5,5280344
2018/07/05,393.8,398.39,399.24,390.86,8448937
2018/07/06,397.45,408.25,408.65,395.52,8629606
2018/07/09,415.95,418.97,419.12,411.1,11127477
2018/07/10,417.24,415.63,419.44,413.08,9382944
2018/07/11,411.34,418.65,419.77,410.6,9713904
2018/07/12,415.16,413.5,416.79,407.8,12743273
2018/07/13,409.19,395.8,410,395.08,15747266
2018/07/16,398.98,400.48,403.36,391.75,22959984
2018/07/17,346.95,379.48,385,344,58410362
2018/07/18,381.24,375.13,383.13,372.36,21746266
2018/07/19,371.06,364.23,375.75,363,16878681
2018/07/20,364.92,361.05,370.5,360.14,15113740
2018/07/23,359.15,362.66,363.9,353.6,11505232
2018/07/24,366.94,357.32,367.4,354.56,12851457
2018/07/25,357.57,362.87,363.28,355.65,8516248
2018/07/26,358.19,363.09,365.54,356.63,6993684
2018/07/27,366.85,355.21,367,351.65,8949491
2018/07/30,351.93,334.96,352.03,334.02,18260710
2018/07/31,331.51,337.45,342.5,328,14085369
2018/08/01,335.87,338.38,344.41,334.02,7790477
2018/08/02,337.23,344.5,345,334.71,7131328
2018/08/03,347.75,343.09,347.86,338.48,8848367
2018/08/06,342.87,350.92,351.98,341.74,8198076
2018/08/07,353.23,351.83,357.31,349.01,7970930
2018/08/08,352.21,347.61,352.29,346.61,5402465
2018/08/09,347.96,349.36,352.44,345.82,4820313
2018/08/10,346.91,345.87,349.1,344.42,4337481
2018/08/13,339.89,341.31,347.19,339.07,6893649
2018/08/14,342.09,337.49,342.41,336.25,5805182
2018/08/15,334.03,326.4,335.5,321,11784485
2018/08/16,329.9,322.44,331.17,321.21,6689733
2018/08/17,319.01,316.78,324.37,312.96,10407908
2018/08/20,314.64,327.73,331.6,310.93,13591100
2018/08/21,331,338.02,341.5,329.7,14783246
2018/08/22,338.49,344.44,346.21,337.41,8930669
2018/08/23,348.11,339.17,350.08,337.65,11336425
2018/08/24,346,358.82,359.15,344.54,14729137
2018/08/27,367.15,364.58,374.49,360,17427304
2018/08/28,367.23,368.49,369.99,360.38,9222617
2018/08/29,367.2,368.04,369.86,362.91,8118734
2018/08/30,365,370.98,376.81,363.54,10981013
2018/08/31,370.66,367.68,376,367.08,7943443
2018/09/04,366.47,363.6,368.88,361.26,7605161
2018/09/05,360,341.18,363.39,335.83,13092847
2018/09/06,347.44,346.46,356,341.99,13050156
2018/09/07,342.2,348.68,355.75,341.25,9105817
2018/09/10,352.27,348.41,352.5,343.08,5752184
2018/09/11,344.67,355.93,356.15,343.9,6198063
2018/09/12,359.08,369.95,370.43,356.24,10480769
2018/09/13,371.91,368.15,374.09,366.84,8366122
2018/09/14,368.55,364.56,371.09,363.46,4756426
2018/09/17,364.22,350.35,367.33,349.57,7071945
2018/09/18,353.67,367.65,368.15,351.56,10413981
2018/09/19,373.95,366.96,377.61,359.17,11876841
2018/09/20,370.26,365.36,370.26,363.17,6768086
2018/09/21,366.59,361.19,372.22,360.74,11930568
2018/09/24,359,369.61,373.64,354.33,9322522
2018/09/25,370.23,369.43,371.34,364.49,6799816
2018/09/26,373.59,377.88,382,370.88,13799728
2018/09/27,379.87,380.71,383.2,376,7326246
2018/09/28,379.24,374.13,380.8,373.73,7114878
2018/10/01,375.85,381.43,386.11,375.59,8376560
2018/10/02,384.38,377.14,386.8,373.83,8638717
2018/10/03,378.53,377.05,380.93,374.88,5798605
2018/10/04,375.88,363.65,375.92,360.4,9074350
2018/10/05,359.77,351.35,363.5,343,13522957
2018/10/08,345.18,349.1,352.95,338.11,12375496
2018/10/09,348.48,355.71,358.72,347.09,8754990
2018/10/10,353.52,325.89,355.15,325.39,17183120
2018/10/11,324.94,321.1,334.2,315.81,16082056
2018/10/12,339.57,339.56,341.3,328.9,14870830
2018/10/15,337.63,333.13,339.21,326.93,11214956
2018/10/16,337.24,346.4,347.95,330.56,20156418
2018/10/17,378.33,364.7,380,356.5,32610947
2018/10/18,360.67,346.71,362.2,346.05,18461040
2018/10/19,351,332.67,355.8,332.2,16717233
2018/10/22,333.1,329.54,335.8,320.34,17097175
2018/10/23,318,333.16,336.58,316.77,14907326
2018/10/24,332.28,301.83,333,300.73,19039297
2018/10/25,307.12,312.87,319.94,305.25,13346921
2018/10/26,300.51,299.83,313.99,292.3,19616041
2018/10/29,305.26,284.84,307.89,275.4,21698841
2018/10/30,275.57,285.81,290.52,271.21,23685702
2018/10/31,297.77,301.78,311.5,295.05,20360342
2018/11/01,304.59,317.38,318.45,296.67,15121450
2018/11/02,318,309.1,321.88,308.33,13404646
2018/11/05,311.1,315.44,317.53,303.74,10283044
2018/11/06,314.76,310.84,320.22,305.3,9710424
2018/11/07,312.9,327.5,328.56,311,13328328
2018/11/08,328,317.92,332.05,316.61,11023853
2018/11/09,311.07,303.47,312.98,298.01,13480792
2018/11/12,300,294.07,302.49,290.63,10924827
2018/11/13,295,294.4,303.55,289.1,12232162
2018/11/14,300.4,286.73,301.84,278.3,16853574
2018/11/15,285.51,290.06,292.5,282.16,9967098
2018/11/16,287.14,286.21,291.72,281,9099485
2018/11/19,283.79,270.6,285.09,269.15,12993797
2018/11/20,254.63,266.98,276.34,250,16693809
2018/11/21,274.42,262.13,275.34,261.51,11023037
2018/11/23,260.11,258.82,265.5,256.84,5245123
2018/11/26,260.55,261.43,266.25,253.8,12498560
2018/11/27,259.24,266.63,269.08,256.14,11149501
2018/11/28,271.98,282.65,284,263.34,14801333
2018/11/29,282.32,288.75,290.49,275.5,15431538
2018/11/30,288,286.13,290.81,283.06,11860117
2018/12/03,293.19,290.3,298.72,284.58,14117370
2018/12/04,288.13,275.33,295.74,274.72,12800586
2018/12/06,268.33,282.88,283.22,267.14,13074324
2018/12/07,282.48,265.14,284.21,263.38,12466711
2018/12/10,264.19,269.7,271.18,260.61,9605553
2018/12/11,274.08,265.32,274.5,262.76,9843199
2018/12/12,267.66,274.88,281.77,266.48,11456716
2018/12/13,277.64,276.02,279.32,271.85,8379292
2018/12/14,271.81,266.84,277.67,265,9915319
2018/12/17,266.51,262.8,272.98,261.08,9634734
2018/12/18,263.3,270.94,275.75,263.29,10350079
2018/12/19,269.96,266.77,280.87,263.77,13788448
2018/12/20,264.64,260.58,269.9,251.88,16792928
2018/12/21,263.83,246.39,264.5,241.29,21397595
2018/12/24,242,233.88,250.65,233.68,9547616
2018/12/26,233.92,253.67,254.5,231.23,14402735
2018/12/27,250.11,255.57,255.59,240.1,12235217
2018/12/28,257.94,256.08,261.91,249.8,10987286
2018/12/31,260.16,267.66,270.1,260,13508920
2019/01/02,259.28,267.66,269.75,256.58,11679528
2019/01/03,270.2,271.2,275.79,264.43,14969647
2019/01/04,281.88,297.57,297.8,278.54,19330102
2019/01/07,302.1,315.34,316.8,301.65,18620116
2019/01/08,319.98,320.27,320.59,308.01,15359180
2019/01/09,317.71,319.96,323.35,313.5,13343152
2019/01/10,314.57,324.66,325.37,312.5,13472475
2019/01/11,330.96,337.59,341.09,328.52,19500429
2019/01/14,334.24,332.94,335.48,329.13,10499582
2019/01/15,349.6,354.64,357.22,347,21181234
2019/01/16,354,351.39,358.85,348.11,15385548
2019/01/17,349.5,353.19,355.79,346.41,18871195
2019/01/18,351.97,339.1,353,336.73,26621040
2019/01/22,334.89,325.16,336.88,321.03,17941416
2019/01/23,328.25,321.99,331.75,318.6,13480138
2019/01/24,320.6,326.67,331.8,319,11131627
2019/01/25,328.72,338.05,340,328.51,11166609
2019/01/28,334.7,335.66,336.3,328.88,8652082
2019/01/29,335.87,328.9,338.22,328.15,7655189
2019/01/30,332.75,340.66,341.78,330.8,9234530
2019/01/31,339.68,339.5,345.99,338.09,8535517
2019/02/01,337.18,339.85,346.84,336.5,9827760
2019/02/04,342.6,351.34,352,341.3,9051387
2019/02/05,353.2,355.81,360,352.9,9046623
2019/02/06,357,352.19,357.04,347.19,6717662
2019/02/07,347.9,344.71,348.75,339.02,7864529
2019/02/08,338,347.57,348,338,7561391
2019/02/11,350,345.73,352.87,344.81,5454863
2019/02/12,348.09,359.97,360,346.52,10429399
2019/02/13,357.3,351.77,359.6,350.28,10559146
2019/02/14,351.75,359.07,360.45,348.33,9295338
2019/02/15,358.47,356.87,364.4,355.5,9229980
2019/02/19,355.8,361.92,365,355.32,7396559
2019/02/20,364.85,359.91,366.71,356.7,8110741
2019/02/21,360.03,356.97,362.85,353.88,6227897
2019/02/22,360.34,363.02,366.13,360.05,7088214
2019/02/25,367.01,363.91,371.49,363.79,7569320
2019/02/26,362.98,364.97,365.7,359.33,4944593
2019/02/27,363.5,362.87,368.03,359.8,5629945
2019/02/28,362.47,358.1,366.39,357.71,6186763
2019/03/01,362.26,357.32,362.87,354.69,5526539
2019/03/04,359.72,351.04,362.25,348.04,7486996
2019/03/05,351.46,354.3,356.17,348.25,5937754
2019/03/06,353.6,359.61,359.88,351.7,6211895
2019/03/07,360.16,352.6,362.86,350.5,6151331
2019/03/08,345.75,349.6,349.92,342.47,6898838
2019/03/11,352,358.86,358.98,350.03,5387285
2019/03/12,359.37,356.27,360.13,353.8,5164571
2019/03/13,355.81,361.21,362.48,352.77,6444092
2019/03/14,360.5,358.82,363.84,358.1,5271429
2019/03/15,361.02,361.46,364,358.89,8443210
2019/03/18,362.47,363.44,370.97,361.86,7194726
2019/03/19,366.4,358.78,366.96,356.8,7541425
2019/03/20,358.91,375.22,375.9,357.01,10917165
2019/03/21,374,377.87,379,370.61,8544017
2019/03/22,375.95,361.01,376.43,360.04,8661346
2019/03/25,359,366.23,367.04,357.44,8473845
2019/03/26,367.87,359.97,368.38,358.02,7666475
2019/03/27,361,353.37,362.47,350.37,7852370
2019/03/28,354.49,354.61,355.94,349.2,4360960
2019/03/29,357.16,356.56,358.25,353.71,4705636
2019/04/01,359,366.96,368.33,358.51,7036097
2019/04/02,366.25,367.72,368.42,362.22,5158742
2019/04/03,369.26,369.75,373.41,366.19,5376623
2019/04/04,370.07,367.88,372.05,362.4,4627305
2019/04/05,369,365.49,369.8,364.66,3905493
2019/04/08,365.11,361.41,365.94,359.93,4653810
2019/04/09,360.54,364.71,366.74,359,5439228
2019/04/10,365.79,363.92,368.85,362.25,4545561
2019/04/11,365,367.65,370.12,360.81,6526899
2019/04/12,360.69,351.14,361.75,349.36,15646199
2019/04/15,350.71,348.87,352.21,342.27,8842344
2019/04/16,355,359.46,364.48,352.72,18740232
2019/04/17,365.05,354.74,368.76,350.6,18054101
2019/04/18,355,360.35,360.41,351.64,8353165
2019/04/22,359.7,377.34,377.69,359,11980534
2019/04/23,375.45,381.89,384.8,374.71,10089820
2019/04/24,381.07,374.23,381.9,373.27,6541872
2019/04/25,374.49,368.33,374.76,365.7,6255496
2019/04/26,368.35,374.85,375.14,366.24,5621901
2019/04/29,373.68,371.83,374.58,369.12,3821703
2019/04/30,369.56,370.54,374.5,368.35,3870095
2019/05/01,374,378.81,385.99,373.17,9257284
2019/05/02,378,379.06,383.5,374.51,5398167
2019/05/03,381.53,385.03,385.03,378.27,5130301
2019/05/06,377.69,378.67,381.35,376,5793144
2019/05/07,377,370.46,379.91,365.81,6974924
2019/05/08,367.92,364.37,369,361.36,6571957
2019/05/09,360.9,362.75,364.2,352.75,5882572
2019/05/10,361.62,361.04,365.26,353.06,5657123
2019/05/13,352.29,345.26,354.26,343.1,8026697
2019/05/14,348.71,345.61,349.95,342.5,5353029
2019/05/15,343.34,354.99,356.5,341.39,6340118
2019/05/16,356.37,359.31,364,353.94,6441463
2019/05/17,356.39,354.45,359.62,353.79,4725448
2019/05/20,351.23,348.11,352.42,345.4,4621515
2019/05/21,350.95,354.27,356.43,349.93,4026369
2019/05/22,358.01,359.73,370.46,357.3,6229389
2019/05/23,355.5,352.21,357.42,347.7,5630443
2019/05/24,355.41,354.39,359.44,353.79,3830963
2019/05/28,354.39,354.78,361.2,353.64,4717144
2019/05/29,353.6,349.19,353.85,345.9,5658913
2019/05/30,350.55,351.85,354.21,348.3,4008042
2019/05/31,347.22,343.28,349.34,342.92,5023449
2019/06/03,343.56,336.63,347.66,332.65,7849589
2019/06/04,345,353.4,353.61,343.25,7891632
2019/06/05,354.38,355.73,357.88,348.71,5020081
2019/06/06,354.84,357.13,358.21,352.09,3709955
2019/06/07,357.39,360.87,365.15,355.69,4777321
2019/06/10,363.65,352.01,367.1,349.29,7810261
2019/06/11,355,351.27,357.58,348.5,5396712
2019/06/12,351.82,345.56,353.61,343.23,4584704
2019/06/13,347.23,343.43,348.5,339.25,6209347
2019/06/14,341.63,339.73,343.4,336.16,5019011
2019/06/17,342.69,350.62,351.77,342.06,5358219
2019/06/18,355.57,357.12,361.5,353.75,5428542
2019/06/19,361.72,363.52,364.74,356.12,5667156
2019/06/20,365.91,365.21,370.12,361.22,5899467
2019/06/21,365,369.21,371.45,365,7448356
2019/06/24,370.27,371.04,375,370.2,4830240
2019/06/25,370.75,360.3,371,358.29,5750383
2019/06/26,361.6,362.2,366.79,361.6,3669677
2019/06/27,363.2,370.02,370.85,363.2,4138575
2019/06/28,370.26,367.32,371.54,364.87,4592706
2019/07/01,373.5,374.6,376.66,372,5001518
2019/07/02,374.89,375.43,376,370.31,3628962
2019/07/03,376.69,381.72,381.99,375.84,3799009
2019/07/05,378.29,380.55,381.4,375.56,3732162
2019/07/08,378.19,376.16,378.25,375.36,3113402
2019/07/09,379.06,379.93,384.76,377.5,6932822
2019/07/10,382.77,381,384.34,377.4,5878790
2019/07/11,381.1,379.5,384.54,378.8,4336287
2019/07/12,378.68,373.25,379.74,372.79,6636937
2019/07/15,372.94,366.6,373.68,362.3,7944680
2019/07/16,370.09,365.99,371.34,364.92,5863222
2019/07/17,366.25,362.44,366.5,361.75,13639536
2019/07/18,323.76,325.21,329.85,320.3,31305899
2019/07/19,323.4,315.1,325.85,314.23,16302482
2019/07/22,312,310.62,314.54,305.81,17725334
2019/07/23,311.44,307.3,313.5,306,9171068
2019/07/24,310.51,317.94,319.99,307.25,11961818
2019/07/25,318.86,326.46,327.69,316.3,10798496
2019/07/26,328.79,335.78,336,327.5,10847495
2019/07/29,335.98,332.7,336.4,328.77,5782817
2019/07/30,329.2,325.93,329.65,323.23,6029320
2019/07/31,325.16,322.99,331.77,318.53,6259494
2019/08/01,324.25,319.5,328.58,318.74,6563156
2019/08/02,317.49,318.83,319.41,311.8,6280343
2019/08/05,310.96,307.63,313.42,304.68,8692485
2019/08/06,310.58,310.1,311.88,305.3,6179090
2019/08/07,302.56,304.29,305,296.81,9322433
2019/08/08,311.03,315.9,316.36,306.63,5905865
2019/08/09,313.74,308.93,316.64,305.68,5349059
2019/08/12,305.46,310.83,312.89,303.24,6531722
2019/08/13,309.77,312.28,316.43,308.16,5338761
2019/08/14,308.01,299.11,308.41,298.01,7355753
2019/08/15,299.5,295.76,300.63,288,9683384
2019/08/16,298.86,302.8,303.55,296.27,7090757
2019/08/19,306.25,309.38,311.75,304.75,4951733
2019/08/20,304.57,298.99,305,297.68,7352162
2019/08/21,301.61,297.81,302.88,296.2,5689746
2019/08/22,298.65,296.93,300.33,293.15,4977042
2019/08/23,295,291.44,299.01,290.32,6331189
2019/08/26,295.24,294.98,296.95,292.5,4696982
2019/08/27,294.54,291.03,296.77,287.2,6314559
2019/08/28,289.47,291.77,292.82,287.75,3958043
2019/08/29,295,296.78,299.93,294.99,4392532
2019/08/30,298.78,293.75,298.94,290.85,4447990
2019/09/03,290.82,289.29,293.9,288.06,3684177
2019/09/04,291.25,291.52,292.38,286.51,4653665
2019/09/05,285.32,293.25,293.97,282.79,8972356
2019/09/06,293.35,290.17,293.35,287.03,5166556
2019/09/09,294.81,294.34,301.55,290.6,8232744
2019/09/10,291.16,287.99,297.17,282.66,12320248
2019/09/11,285.7,288.27,292.65,284.61,7405949
2019/09/12,288.1,288.86,292.73,286.6,5010927
2019/09/13,290.61,294.15,296.62,290.04,6583124
2019/09/16,294.23,294.29,297.43,289.78,5307386
2019/09/17,294.5,298.6,299.15,291.79,4817119
2019/09/18,294.99,291.56,296.05,287.45,7841539
2019/09/19,291.56,286.6,293.81,283.4,8545761
2019/09/20,280.26,270.75,282.5,266,23954192
2019/09/23,268.35,265.92,273.39,261.89,13610294
2019/09/24,262.5,254.59,265,252.28,16392808
2019/09/25,255.71,264.75,266.6,253.7,11846748
2019/09/26,266.42,263.31,268.05,260.2,7696858
2019/09/27,266.18,263.08,267.44,260.39,7367491
2019/09/30,264,267.62,268.88,262.78,6823100
2019/10/01,267.35,269.58,272.2,264.03,8786284
2019/10/02,263.61,268.03,269.35,262.19,7773299
2019/10/03,267.78,268.15,268.84,257.01,9068810
2019/10/04,268.2,272.79,275.48,266.47,9992774
2019/10/07,271.99,274.46,276.68,271.28,6796811
2019/10/08,273.03,270.72,275.53,270.64,6302269
2019/10/09,270.02,267.53,271,264.57,6843488
2019/10/10,265.97,280.48,280.53,265.03,10961191
2019/10/11,284.8,282.93,287.87,275.89,8817301
2019/10/14,283.93,285.53,286.93,282,5543120
2019/10/15,283.82,284.25,285.87,279.4,7728161
2019/10/16,283.12,286.28,288.17,280.74,18413335
2019/10/17,304.49,293.35,308.75,288.3,38462343
2019/10/18,289.36,275.3,290.9,273.36,23449638
2019/10/21,272.89,278.05,279.94,269,12633959
2019/10/22,271.16,266.69,275.41,265.8,11865593
2019/10/23,268.06,271.27,273.92,266.63,7154430
2019/10/24,271.81,271.5,274.02,268.8,4911033
2019/10/25,270.68,276.82,277.77,270.18,4747829
2019/10/28,278.05,281.86,285.75,277.35,6248433
2019/10/29,281.87,281.21,284.41,277.55,4356181
2019/10/30,284.34,291.45,293.49,283,9345562
2019/10/31,291,287.41,291.45,284.78,5090021
2019/11/01,288.7,286.81,289.12,283.02,5594293
2019/11/04,288,292.86,295.39,287.16,5566213
2019/11/05,289.99,288.03,291.19,286.31,4062370
2019/11/06,288.19,288.59,290.56,285.84,3438257
2019/11/07,290.7,289.57,298.19,288.27,5928471
2019/11/08,288.73,291.57,293.99,287.51,4509588
2019/11/11,289.16,294.18,296.36,288.5,3945885
2019/11/12,295.32,292.01,295.35,288.7,5774833
2019/11/13,291.03,283.11,293.41,281.14,9233066
2019/11/14,283.25,289.62,290.63,283.22,6539771
2019/11/15,290.59,295.03,295.82,287.57,6337779
2019/11/18,296,302.57,304.99,293.28,8621566
2019/11/19,304.01,302.6,305.67,298.52,5919710
2019/11/20,301.01,305.16,308.25,301,5115546
2019/11/21,306,311.69,312.69,304.26,7488373
2019/11/22,309.1,310.48,311.4,304.41,5970056
2019/11/25,308.83,315.55,315.73,305.25,7878943
2019/11/26,315,312.49,316.5,311.69,5328348
2019/11/27,313.93,315.93,316.82,312.75,4100975
2019/11/29,315.78,314.66,316.62,313.34,2411749
2019/12/02,314.39,309.99,314.39,303.75,6223135
2019/12/03,302.22,306.16,307.36,301.88,5272447
2019/12/04,308.43,304.32,308.43,303.27,3513551
2019/12/05,305.27,302.86,306.48,298.81,4618867
2019/12/06,304.7,307.35,307.85,302.6,4459684
2019/12/09,307.35,302.5,311.49,302.44,5766006
2019/12/10,296.12,293.12,298.94,292.02,10481239
2019/12/11,294.49,298.93,299.43,294.2,5607155
2019/12/12,295.67,298.44,299.17,295.06,4771404
2019/12/13,298.5,298.5,301.8,297.25,3883069
2019/12/16,300.85,304.21,305.71,298.63,4660166
2019/12/17,307.36,315.48,316.8,306.6,10437127
2019/12/18,316.26,320.8,325.36,315.6,11210737
2019/12/19,324.5,332.22,332.83,324.18,9833355
2019/12/20,335,336.9,338,330.6,9923260
2019/12/23,337.76,333.1,337.95,331.02,5767937
2019/12/24,334.01,333.2,335.7,331.6,2019322
2019/12/26,334.6,332.63,336.46,332.01,3595854
2019/12/27,332.96,329.09,333.82,326.01,5037156
2019/12/30,329.08,323.31,329.19,322.86,4315267
2019/12/31,322,323.57,324.92,321.09,3714837
2020/01/02,326.1,329.81,329.98,324.78,4348493
2020/01/03,326.78,325.9,329.86,325.53,3795466
2020/01/06,323.12,335.83,336.36,321.2,5668577
2020/01/07,336.47,330.75,336.7,330.3,4742458
2020/01/08,331.49,339.26,342.7,331.05,7109117
2020/01/09,342,335.66,343.42,334.61,4717430
2020/01/10,337.13,329.05,338.5,327.27,4720540
2020/01/13,331.8,338.92,340.85,331.51,6296174
2020/01/14,344.4,338.69,345.38,335.52,7201544
2020/01/15,338.68,339.07,343.17,336.6,5158035
2020/01/16,343.5,338.62,343.56,335.85,5015997
2020/01/17,341,339.67,341.57,337.38,6066547
2020/01/21,340,338.11,341,332.59,14350322
2020/01/22,332.55,326,336.3,323.6,21729959
2020/01/23,326.04,349.6,349.88,325.01,18200293
2020/01/24,348.46,353.16,359.85,345.88,17939681
2020/01/27,345.95,342.88,351.9,341.02,7709482
2020/01/28,345.88,348.52,352.4,342.78,6821581
2020/01/29,349,343.16,349.4,338.55,7649183
2020/01/30,341.1,347.74,348.2,339.25,5328136
2020/01/31,347.39,345.09,347.39,340.98,5230001
2020/02/03,347.24,358,359.63,346.28,6674885
2020/02/04,361,369.01,369.57,356.1,7161451
2020/02/05,375.13,369.67,375.25,362.3,6437026
2020/02/06,369.6,366.95,371.55,362.51,3920428
2020/02/07,365.04,366.77,371.8,363.57,4385227
2020/02/10,365,371.07,374.8,362.52,5294138
2020/02/11,373.75,373.69,378.11,369.72,4772870
2020/02/12,377.18,380.01,380.62,375.88,4624772
2020/02/13,376.96,381.4,385.37,376.51,4485383
2020/02/14,381.47,380.4,385.15,379.43,3736266
2020/02/18,379.3,387.78,389.54,379.19,5180400
2020/02/19,388.12,386.19,392.95,384.9,4896368
2020/02/20,386.56,386,389.7,376.68,4079425
2020/02/21,385.33,380.07,387.32,377.9,3935618
2020/02/24,364.76,368.7,372.82,361,6936418
2020/02/25,372,360.09,375.65,357.72,6481243
2020/02/26,366.31,379.24,382,365,8961126
2020/02/27,371.46,371.71,391.56,370.6,10967699
2020/02/28,364.21,369.03,376.77,356.8,11178572
2020/03/02,373.11,381.05,381.36,364.5,6997891
2020/03/03,381.03,368.77,393.52,367.4,8364623
2020/03/04,377.77,383.79,384.01,370.51,5487340
2020/03/05,381,372.78,391.4,368.64,8746985
2020/03/06,367.7,368.97,371.31,356.85,8147165
2020/03/09,343.86,346.49,357.47,341.72,7405458
2020/03/10,356.43,364.13,364.54,347.85,7604444
2020/03/11,358.92,349.92,362.98,344.79,6058782
2020/03/12,326.5,315.25,335.72,307.32,12071591
2020/03/13,330.51,336.3,336.42,307.39,9458197
2020/03/16,306.63,298.84,334.35,294.75,10559940
2020/03/17,306.19,319.75,322.9,290.25,10013913
2020/03/18,302.4,315.47,331.58,300,12593647
2020/03/19,324.33,332.03,348.51,316.82,10615957
2020/03/20,342.31,332.83,350.49,332,10853846
2020/03/23,347.89,360.27,366.11,340.88,13449378
2020/03/24,369.99,357.32,372.93,353.03,11638683
2020/03/25,361.02,342.39,362,339.17,8767171
2020/03/26,344,362.99,363.84,341.73,7235016
2020/03/27,359.09,357.12,368.56,353,7948775
2020/03/30,363,370.96,377.8,361.17,8621964
2020/03/31,367.93,375.5,383.01,366.44,9366464
2020/04/01,376.05,364.08,380.23,361.02,6672454
2020/04/02,364.08,370.08,370.99,360.06,4592477
2020/04/03,367.47,361.76,370.9,357.51,4860768
2020/04/06,365.22,379.96,380.29,361.71,8183921
2020/04/07,380,372.28,381.33,369.34,7046438
2020/04/08,374.01,371.12,378.39,368.31,6908879
2020/04/09,371.06,370.72,372.1,363.03,7711296
2020/04/13,371.31,396.72,400.51,367.7,11692922
2020/04/14,397.5,413.55,417.82,394.85,11580983
2020/04/15,413,426.75,434.98,412.25,13561222
2020/04/16,437,439.17,449.52,431.61,16128666
2020/04/17,431,422.96,432,414.7,12616258
2020/04/20,435.17,437.49,444.49,430.56,12655818
2020/04/21,444.77,433.83,447,425.6,23177550
2020/04/22,429.73,421.42,433,413,21123773
2020/04/23,419.26,426.7,438.41,419.26,13952330
2020/04/24,425,424.99,427.17,415.88,8670362
2020/04/27,425,421.38,429,420.84,6277480
2020/04/28,419.99,403.83,421,402.91,10101233
2020/04/29,399.53,411.89,415.86,393.6,9693137
2020/04/30,410.31,419.85,424.44,408,7953975
2020/05/01,415.1,415.27,427.97,411.73,8299858
2020/05/04,417.78,428.15,428.54,414.87,7799058
2020/05/05,427.56,424.68,431,421.56,6286293
2020/05/06,429.3,434.26,439.77,426.39,6660737
2020/05/07,436.89,436.53,438.88,430.66,5650281
2020/05/08,434.14,435.55,442,433.64,5054308
2020/05/11,436.33,440.52,444.89,435.56,5486037
2020/05/12,442,431.82,444.17,431.36,4598211
2020/05/13,435.69,438.27,447,427.27,7014563
2020/05/14,444.9,441.95,452.38,432.82,9007467
2020/05/15,440.7,454.19,455,437.51,7243998
2020/05/18,451.16,452.58,456.36,443.35,7780309
2020/05/19,453.4,451.04,458.97,450.47,4810487
2020/05/20,454.25,447.67,455.81,444,5607257
2020/05/21,448.56,436.25,448.96,430.25,9117325
2020/05/22,437,429.32,439.09,427.18,5422334
2020/05/26,427.77,414.77,428.5,413.14,7881115
2020/05/27,410.38,419.89,420.02,397.86,10446339
2020/05/28,417.24,413.44,422.37,411.5,5660160
2020/05/29,417.46,419.73,420.3,411.85,5270484
2020/06/01,418.83,425.92,426.72,415.98,3748573
2020/06/02,425.87,427.31,427.59,419.46,3494801
2020/06/03,426.95,421.97,427.1,418.05,4316044
2020/06/04,422.39,414.33,428.71,410.03,5410529
2020/06/05,407.29,419.6,420.24,404.25,5099561
2020/06/08,416,419.49,420.8,406.5,5851453
2020/06/09,421.65,434.05,434.73,420.31,6796999
2020/06/10,436,434.48,439.69,430.55,4896893
2020/06/11,428.2,425.56,445.57,424.16,7462868
2020/06/12,429,418.07,434.06,412.45,6461127
2020/06/15,421.4,425.5,426.49,415.42,4471499
2020/06/16,425.76,436.13,437.96,425.18,5514016
2020/06/17,441.82,447.77,450.46,439.22,6529568
2020/06/18,448.73,449.87,452.76,442.8,4277627
2020/06/19,449.12,453.72,453.97,445.6,5933651
2020/06/22,455.01,468.04,468.59,454.21,6272105
2020/06/23,466.5,466.26,474.01,464.5,5948436
2020/06/24,468.54,457.85,472.36,454,4826191
2020/06/25,458.86,465.91,467.01,454,4134513
2020/06/26,466.39,443.4,468.03,442.24,6804726
2020/06/29,445.23,447.24,447.67,432.14,4843978
2020/06/30,450.02,455.04,457.59,447,4198545
2020/07/01,454,485.64,488.23,454,9705870
2020/07/02,485.64,476.89,492.28,475.53,6351485
2020/07/06,480.77,493.81,499.5,479.8,7838990
2020/07/07,497.31,493.16,504.82,490.83,5669870
2020/07/08,498.58,502.78,505.1,493.81,5691682
2020/07/09,508.4,507.76,510,495.78,5840541
2020/07/10,519.73,548.73,555.88,511.28,21605587
2020/07/13,567.98,525.5,575.37,520.96,18399020
2020/07/14,517.08,524.88,525.5,490.49,15083300
2020/07/15,516.3,523.26,529,510.18,10066652
2020/07/16,526.48,527.39,535.54,504.36,24498994
2020/07/17,494.87,492.99,503.59,484.14,24991352
2020/07/20,489.14,502.41,504.5,484.2,11940306
2020/07/21,506,490.1,506.22,488.61,9127218
2020/07/22,492.19,489.82,497.2,487.2,6954078
2020/07/23,491.13,477.58,491.9,472.02,7722034
2020/07/24,468.77,480.45,487.17,467.54,7746247
2020/07/27,484.51,495.65,496.92,482.31,7863069
2020/07/28,496.02,488.51,497.79,487.76,5986727
2020/07/29,492.25,484.48,494.92,484.13,6611769
2020/07/30,480.71,485.8,488.35,477.51,6608569
2020/07/31,488.29,488.88,494.8,484.5,5924310
2020/08/03,490.86,498.62,503.09,490.23,5876190
2020/08/04,498.65,509.64,510.44,498.65,5607968
2020/08/05,508.68,502.11,510.1,501.2,4313526
2020/08/06,504.11,509.08,510.82,498.7,3725861
2020/08/07,505.45,494.73,508.29,486.68,5910348
2020/08/10,493.35,483.38,497.46,478.63,4691185
2020/08/11,479.75,466.93,480.92,466.55,7329226
2020/08/12,471.34,475.47,482.49,470.18,5441243
2020/08/13,478.4,481.33,484.45,476.45,3008933
2020/08/14,482.82,482.68,488.33,480.21,2943487
2020/08/17,484.19,482.35,486.24,479.1,2423545
2020/08/18,484.35,491.87,495.3,482.8,3505518
2020/08/19,493.93,484.53,494.5,483.5,3156218
2020/08/20,484.69,497.9,498.94,483.89,5132480
2020/08/21,496.46,492.31,498.13,490,3921293
2020/08/24,495.44,488.81,501,483.16,4762183
2020/08/25,488.19,490.58,492.47,485.09,5727721
2020/08/26,492.5,547.53,549.04,492.08,20373681
2020/08/27,537.78,526.27,541,521.25,9062912
2020/08/28,532,523.89,539,522,4417517
2020/08/31,521.16,529.56,531.99,517.58,4941409
2020/09/01,532.6,556.55,557.39,532.45,9581907
2020/09/02,553.78,552.84,556.5,537.37,5886930
2020/09/03,545,525.75,554,521.32,9071089
2020/09/04,520.18,516.05,527.36,485.98,8270118
2020/09/08,498.4,507.02,522,495,5572684
2020/09/09,519.21,500.19,520,492.57,6848127
2020/09/10,503.35,480.67,506.29,478.84,6240181
2020/09/11,486.49,482.03,493.73,476.81,5035200
2020/09/14,480.62,476.26,488.99,471.3,7359126
2020/09/15,484,495.99,497.47,481.63,5336992
2020/09/16,499.99,483.86,504.66,483.31,4401412
2020/09/17,475.16,470.2,478.4,463.27,5379301
2020/09/18,472.51,469.96,479.4,458.6,6717711
2020/09/21,467.69,487.35,487.78,466.32,5457539
2020/09/22,489.01,491.17,491.82,479.26,3482324
2020/09/23,491.04,470.61,491.04,469,3726423
2020/09/24,470.53,473.08,477,467.82,3727201
2020/09/25,474.39,482.88,484.87,468.03,3769436
2020/09/28,489.11,490.65,492,477.88,4773497
2020/09/29,489.5,493.48,496.29,486.53,3543193
2020/09/30,492.57,500.03,504.63,489.27,4634111
2020/10/01,506.03,527.51,529.55,503.6,8153710
2020/10/02,516.43,503.06,526.37,502.7,6071165
2020/10/05,506.8,520.65,520.99,501.7,4088069
2020/10/06,518.72,505.87,521.82,504.16,4199034
2020/10/07,518,534.66,536.49,515.82,7988683
2020/10/08,533.48,531.79,535,524.15,5386488
2020/10/09,537.83,539.44,544.28,535,4781259
2020/10/12,548.81,539.81,551.81,538.24,5391074
2020/10/13,540.56,554.09,557.65,537.2,5602498
2020/10/14,562.61,541.45,572.49,541,9510081
2020/10/15,545.52,541.94,551.22,535.1,5113126
2020/10/16,549.5,530.79,554.33,530.03,6347363
2020/10/19,537.07,530.72,541.8,525.38,7567506
2020/10/20,528.14,525.42,533.78,522.26,10047175
2020/10/21,501.03,489.05,506.85,488.25,17405708
2020/10/22,494.69,485.23,495.14,482,6997922
2020/10/23,488.11,488.28,490.06,481.35,4927862
2020/10/26,487.03,488.24,496.82,478.9,6186087
2020/10/27,490.01,488.93,490.49,482.93,3627175
2020/10/28,486.36,486.24,494,483.28,5992731
2020/10/29,488.5,504.21,513.9,479.34,11120689
2020/10/30,502.01,475.74,505.88,472.21,7813897
2020/11/02,478.87,484.12,486.3,475,4408193
2020/11/03,484.93,487.22,495.31,478.76,3690213
2020/11/04,495.36,496.95,507.73,493.98,5137330
2020/11/05,506.56,513.76,518.73,503.45,5372781
2020/11/06,515,514.73,515.21,502.51,4236349
2020/11/09,485.54,470.5,495.85,467.26,10419676
2020/11/10,470.95,480.24,484.6,463.41,8306142
2020/11/11,483,490.76,491.68,478.26,5460532
2020/11/12,491,486.77,496.52,480.43,5071155
2020/11/13,486.77,482.84,488.94,477.8,3006510
2020/11/16,480,479.1,485.58,477.3,3953563
2020/11/17,480.12,480.63,487.51,478.85,3698082
2020/11/18,481.95,481.79,488.61,477.72,3629237
2020/11/19,482,484.67,487.8,480.47,2254653
2020/11/20,485.22,488.24,494.76,481.57,4255924
2020/11/23,490.46,476.62,491.15,475.84,5416571
2020/11/24,478.84,482.88,484.05,475.89,3557894
2020/11/25,485.13,485,486.9,478.92,3598629
2020/11/27,486.58,491.36,493.25,481.85,2805762
2020/11/30,490.08,490.7,492.55,481.27,3530940
2020/12/01,492.34,504.58,509.47,491.98,5063234
2020/12/02,501.62,503.38,506.8,493.5,3028358
2020/12/03,502.99,497.52,508.77,496.04,2826116
2020/12/04,497.5,498.31,504.5,493.64,3666243
2020/12/07,500.01,515.78,517.76,497.77,4289293
2020/12/08,517.9,512.66,521.49,505.55,4228950
2020/12/09,510.53,493.6,514.5,491.29,4178768
2020/12/10,494.56,501.09,503.77,492.91,3018203
2020/12/11,495,503.22,503.34,494.85,3210928
2020/12/14,505.44,522.42,524.16,501.18,5770424
2020/12/15,518.5,519.78,524.7,513.56,3398209
2020/12/16,520.11,524.83,527.38,517.69,3682392
2020/12/17,529,532.9,535.49,526.44,3193377
2020/12/18,533.2,534.45,536.37,526.02,4502692
2020/12/21,530.05,528.91,532.62,521.15,3893964
2020/12/22,527.69,527.33,530.4,520.5,1908529
2020/12/23,524.76,514.48,526.32,514.2,2393187
2020/12/24,515.12,513.97,519.35,512.21,1143952
2020/12/28,516.43,519.12,523.66,507.13,2891867
2020/12/29,519.9,530.87,536.55,515.48,4022358
2020/12/30,530.13,524.59,533.26,523.69,1876286
2020/12/31,525.53,540.73,545.5,523.15,5392322
2021/01/04,539,522.86,540.8,515.09,4444407
2021/01/05,521.55,520.8,526.78,515.89,3133872
2021/01/06,511.97,500.49,513.1,499.5,5346210
2021/01/07,508.28,508.89,516.44,506.42,3686448
2021/01/08,511.31,510.4,513.24,504.51,2973949
2021/01/11,507.84,499.1,510.73,497.95,3812720
2021/01/12,500,494.25,501.09,485.67,5990425
2021/01/13,495.5,507.79,512.35,493.01,5032099
2021/01/14,507.35,500.86,514.5,499.58,4177357
2021/01/15,500,497.98,506.32,495.1,5895788
2021/01/19,501,501.77,509.25,493.54,12315813
2021/01/20,565.42,586.34,593.29,556.86,32637450
2021/01/21,582.45,579.84,588.75,570.4,11840634
2021/01/22,582.1,565.17,583.99,564.35,7550822
2021/01/25,567,556.78,569.75,548.65,7207329
2021/01/26,554.73,561.93,567.99,554.06,5023847
2021/01/27,550.71,523.28,556.42,515.73,8670277
2021/01/28,535.88,538.6,553.15,530.74,5968978
2021/01/29,538,532.39,541,530.18,4325264
2021/02/01,536.79,539.04,545.06,531.73,3547507
2021/02/02,542.01,548.16,555.48,538.93,3767569
2021/02/03,550.17,539.45,550.48,538.24,3172288
2021/02/04,539.81,552.16,559.48,537.51,5164537
2021/02/05,552.26,550.79,554.44,545.48,2376175
2021/02/08,555,547.92,555,543.7,2791721
2021/02/09,546,559.07,566,543,3703499
2021/02/10,562.5,563.59,566.65,553.46,3991264
2021/02/11,564.44,557.59,565.93,554.22,2730587
2021/02/12,556.94,556.52,561.25,550.85,2197128
2021/02/16,557.29,557.28,563.63,552.73,2624097
2021/02/17,550.99,551.34,555.25,543.03,2071590
2021/02/18,549,548.22,550,538.23,2457604
2021/02/19,548,540.22,548.99,538.81,2841457
2021/02/22,534.99,533.78,541.79,530.79,3078594
2021/02/23,525,546.15,548.54,518.28,4136532
2021/02/24,539.8,553.41,556.85,539.07,3245038
2021/02/25,550.27,546.7,556.48,535.75,4252879
2021/02/26,546.51,538.85,553.09,538,3755574
2021/03/01,545.57,550.64,552.14,542,3042180
2021/03/02,553.34,547.82,556.99,546.02,3042226
2021/03/03,545.93,520.7,548.01,517.81,5362443
2021/03/04,521.5,511.29,531.5,507.68,5034792
2021/03/05,511.98,516.39,517.76,498.79,5069973
2021/03/08,514.46,493.33,518.84,492.85,3981758
2021/03/09,507.31,506.44,513.11,503.82,3470042
2021/03/10,513.5,504.54,518.97,504.25,3771484
2021/03/11,512.2,523.06,530.24,510.71,4714469
2021/03/12,512.5,518.02,526.51,506.59,3981743
2021/03/15,516.32,520.25,520.73,508.03,3485519
2021/03/16,524.47,524.03,533.42,523.21,3238888
2021/03/17,522,524.44,528.37,514.3,2817376
2021/03/18,516.4,504.79,517.9,503.85,4096606
2021/03/19,504.96,512.18,513.19,501.63,4386360
2021/03/22,509.13,523.11,529.31,509.13,3360587
2021/03/23,529.87,535.09,543.12,529.4,5583461
2021/03/24,533.78,520.81,534.42,520,4102211
2021/03/25,516.99,502.86,518.53,497,4926764
2021/03/26,502.82,508.05,508.72,496.68,3467797
2021/03/29,505.66,513.95,518,504.4,3330049
2021/03/30,510.51,513.39,514.41,506.91,2418129
2021/03/31,515.67,521.66,528.13,515.44,3503111
2021/04/01,529.93,539.42,540.5,527.03,3938637
2021/04/05,540.01,540.67,542.85,529.23,3355904
2021/04/06,544.81,544.53,554.17,543.3,3474205
2021/04/07,543.5,546.99,549.64,541.45,2151319
2021/04/08,551.13,554.58,556.9,547.57,4309829
2021/04/09,552.69,555.31,556.9,547.11,2894034
2021/04/12,551.05,552.78,557.98,549.58,2944060
2021/04/13,557,553.73,559.75,550.3,2720344
2021/04/14,554.87,540.02,554.87,538.53,3740294
2021/04/15,544.17,549.22,553.49,542.66,3139050
2021/04/16,550.54,546.54,551.98,539.51,3209075
2021/04/19,546.9,554.44,556.44,545.53,4288715
2021/04/20,554.42,549.57,563.56,546.3,11257648
2021/04/21,508,508.9,515.46,503.6,22897446
2021/04/22,513.82,508.78,513.96,500.55,9061062
2021/04/23,509.01,505.55,509.7,500.7,7314659
2021/04/26,506.76,510.3,510.48,503,4388839
2021/04/27,512.62,505.55,512.99,504.58,3761327
2021/04/28,505.2,506.52,508.4,503.34,3192983
2021/04/29,507.6,509,509.29,499,5127792
2021/04/30,505,513.47,514.55,505,4413242
2021/05/03,512.65,509.11,518.95,505.2,4091895
2021/05/04,510.78,503.18,511.63,496.79,4349502
2021/05/05,504.99,496.08,507.78,494.63,3129366
2021/05/06,495.99,499.55,499.55,491.37,3783698
2021/05/07,504.62,503.84,508.55,501.12,3132786
2021/05/10,502,486.69,503.15,486.11,5131632
2021/05/11,479.75,495.08,497.99,478.63,4401000
2021/05/12,486.83,484.98,493.54,482.7,4121540
2021/05/13,489.13,486.66,490.78,482.71,2716561
2021/05/14,487.86,493.37,494.85,486.59,2882464
2021/05/17,485.59,488.94,492.71,482.81,2705249
2021/05/18,488.4,486.28,493.48,486.19,2350496
2021/05/19,481.63,487.7,488.57,478.54,3349930
2021/05/20,489.55,501.67,502.7,488.98,3721218
2021/05/21,503.12,497.89,505.4,497.26,3322925
2021/05/24,501.05,502.9,504.25,499.51,2412595
2021/05/25,506,501.34,506.37,499.22,2699459
2021/05/26,502.34,502.36,504.14,500.5,2465303
2021/05/27,501.8,503.86,505.1,498.54,3253773
2021/05/28,504.4,502.81,511.76,502.53,2911297
2021/06/01,504.01,499.08,505.41,497.74,2482555
2021/06/02,499.82,499.24,503.22,495.82,2268979
2021/06/03,495.19,489.43,496.66,487.25,3887445
2021/06/04,492,494.74,501.86,490.95,3160487
2021/06/07,492.92,494.66,496.7,490.55,2791932
2021/06/08,497,492.39,498.82,489.37,2374037
2021/06/09,494.5,485.81,496.09,484.65,3055029
2021/06/10,487.17,487.27,490.21,482.14,4382928
2021/06/11,490,488.77,491.41,487.78,3123969
2021/06/14,489.68,499.89,503.5,486.91,4400222
2021/06/15,501.23,491.9,501.23,490.4,3104073
2021/06/16,495,492.41,496.46,486.28,3533206
2021/06/17,490.25,498.34,501.8,490.15,3198273
2021/06/18,496.4,500.77,504.49,495.24,5197576
2021/06/21,501.64,497,502.05,492.28,5277297
2021/06/22,498.54,508.82,513.55,495.8,5809271
2021/06/23,508.48,512.74,516.63,508.2,3944782
2021/06/24,517.96,518.06,520.96,514.4,3361202
2021/06/25,528.84,527.07,533.06,525,5299072
2021/06/28,528.12,533.03,533.94,524.56,2820227
2021/06/29,533.55,533.5,536.13,528.57,2314647
2021/06/30,534.06,528.21,534.38,526.82,2773445
2021/07/01,525.72,533.54,537.04,525.72,2805402
2021/07/02,535.5,533.98,538.54,529.39,1980316
2021/07/06,533,541.64,542.86,533,2775051
2021/07/07,544.24,535.96,544.64,531.66,2722498
2021/07/08,530.93,530.76,535.5,529.09,3268988
2021/07/09,531,535.98,538.26,528.58,2777231
2021/07/12,540.3,537.31,540.65,532.92,1780738
2021/07/13,535.76,540.68,545.33,535.76,2751593
2021/07/14,541.01,547.95,554.1,541.01,4659535
2021/07/15,553.97,542.95,557.54,538.2,5713873
2021/07/16,541.81,530.31,544.06,527.05,3442101
2021/07/19,526.05,532.28,534.91,522.24,3885764
2021/07/20,526.07,531.05,536.64,520.3,6930440
2021/07/21,526.13,513.63,530.99,505.61,11906793
2021/07/22,510.21,511.77,513.68,507,4328061
2021/07/23,512.16,515.41,517.41,504.66,3820478
2021/07/26,514.38,516.49,521.13,509.01,2254538
2021/07/27,518.08,518.91,521.95,512.05,2759037
2021/07/28,521.82,519.3,524.47,516.98,2390466
2021/07/29,519.96,514.25,520.78,513.79,1736014
2021/07/30,512.69,517.57,519.79,510.96,2537107
2021/08/02,519,515.15,519.85,510.51,2096632
2021/08/03,514.39,510.82,515.63,505.37,2579427
2021/08/04,513,517.35,517.98,510.37,2039374
2021/08/05,517.13,524.89,525.41,514.02,2556687
2021/08/06,524,520.55,526.84,519.39,1919798
2021/08/09,521.15,519.97,522.67,517.99,1367782
2021/08/10,520,515.84,520.79,512.97,1960544
2021/08/11,517,512.4,519.57,509.77,1673904
2021/08/12,511.86,510.72,513,507.2,1686170
2021/08/13,512.64,515.92,521.44,511.51,2177736
2021/08/16,515.24,517.92,523.38,512.3,2033176
2021/08/17,515.47,518.91,520.79,514.2,2309803
2021/08/18,520,521.87,526.38,518.65,2582046
2021/08/19,522.74,543.71,548.39,521.87,7497292
2021/08/20,545.09,546.88,551.39,539.1,3776429
2021/08/23,545.98,553.33,555.55,543.74,2602010
2021/08/24,551.48,553.41,555.31,549.27,2109525
2021/08/25,550.16,547.58,552.84,545.45,2065621
2021/08/26,546.16,550.12,552.6,545.9,1595499
2021/08/27,551.6,558.92,564.17,549.25,3252595
2021/08/30,557.25,566.18,567.16,556.45,2434839
2021/08/31,566.12,569.19,569.48,561.61,2431886
2021/09/01,569,582.07,591,569,5626214
2021/09/02,583.68,588.55,598.76,583.68,6184782
2021/09/03,585.8,590.53,591.88,583.14,2684005
2021/09/07,594.69,606.71,613.85,593.99,5830979
2021/09/08,603.84,606.05,615.6,595.71,5424503
2021/09/09,606.47,597.54,609.44,596.55,2954214
2021/09/10,598.16,598.72,609.45,593.67,3950764
2021/09/13,598.57,589.29,598.57,582.78,3062871
2021/09/14,584.89,577.76,587.28,575.56,3456958
2021/09/15,578.17,582.87,584.62,575.37,2755615
2021/09/16,584.3,586.5,587.48,577.72,1832028
2021/09/17,587.85,589.35,590.28,580.85,4145145
2021/09/20,586.79,575.43,591.53,568.08,3732227
2021/09/21,578.31,573.14,581.88,569.37,2250884
2021/09/22,579.69,590.65,595.65,579.69,4021845
2021/09/23,590.79,593.26,599.32,589.13,2526161
2021/09/24,592.5,592.39,592.98,583.64,2126246
2021/09/27,587.95,592.64,593.58,576.93,2504738
2021/09/28,589,583.85,599.54,580.16,4431051
2021/09/29,589.01,599.06,609.88,588.01,6221026
2021/09/30,608.05,610.34,619,608.05,6616040
2021/10/01,604.24,613.15,614.99,597.51,4090847
2021/10/04,613.39,603.35,626.13,594.68,4995932
2021/10/05,606.94,634.81,640.39,606.89,9534293
2021/10/06,628.18,639.1,639.87,626.36,4580434
2021/10/07,642.23,631.85,646.84,630.45,3556886
2021/10/08,634.17,632.66,643.8,630.86,3272093
2021/10/11,633.2,627.04,639.42,626.78,2862470
2021/10/12,633.02,624.94,637.66,621.99,3227349
2021/10/13,632.18,629.76,632.18,622.1,2424638
2021/10/14,632.23,633.8,636.88,626.79,2672535
2021/10/15,638,628.29,639.42,625.16,4116874
2021/10/18,632.1,637.97,638.41,620.59,4669071
2021/10/19,636.97,639,641,632.3,7633147
2021/10/20,625.57,625.14,637.4,617.15,10621997
2021/10/21,628.89,653.16,654.01,628.65,8437070
2021/10/22,651.81,664.78,665.46,651.81,6186016
2021/10/25,663.74,671.66,675.88,657.07,3833526
2021/10/26,673.76,668.52,676.49,662.77,2904840
2021/10/27,669,662.92,671.41,661.85,2276914
2021/10/28,670.95,674.05,676.8,668.03,2859409
2021/10/29,673.06,690.31,690.97,671.24,3825279
2021/11/01,689.06,681.17,689.97,676.54,3110911
2021/11/02,683.11,677.72,687.68,673.82,3888597
2021/11/03,677.27,688.29,689.39,677.27,2334852
2021/11/04,685.89,668.4,685.94,665.5,4865023
2021/11/05,663.97,645.72,665.64,645.01,5283488
2021/11/08,650.29,651.45,656,643.79,2887523
2021/11/09,653.7,655.99,660.5,650.52,2415630
2021/11/10,653.01,646.91,660.33,642.11,2405785
2021/11/11,650.24,657.58,665.82,649.71,2868311
2021/11/12,660.01,682.61,683.34,653.82,4198410
2021/11/15,681.24,679.33,685.26,671.49,2872186
2021/11/16,678.27,687.4,688.36,676.9,2077387
2021/11/17,690,691.69,700.99,686.09,2732831
2021/11/18,691.61,682.02,691.74,679.74,2014992
2021/11/19,692.35,678.8,694.16,675,2614852
2021/11/22,676.02,659.2,679.48,656.47,2765318
2021/11/23,658.18,654.06,666.43,646.05,2320917
2021/11/24,658.01,658.29,661.44,651.1,1867282
2021/11/26,675,665.64,676.41,660.67,2872513
2021/11/29,663.2,663.84,667.99,658.29,2529364
2021/11/30,668.2,641.9,675.38,640.01,5608919
2021/12/01,649.48,617.77,654.52,617.07,3897019
2021/12/02,617.1,616.47,625.36,612.88,3331131
2021/12/03,622.75,602.13,625.5,594,4829282
2021/12/06,606.01,612.69,617.29,601,3075672
2021/12/07,619.83,625.58,628.89,611.4,3125190
2021/12/08,630,628.08,632.46,623.2,2220308
2021/12/09,627.58,611,630.24,610.44,2376321
2021/12/10,616.78,611.66,617.74,605.88,2748774
2021/12/13,612,604.56,612.64,599.52,2517915
2021/12/14,598.71,597.99,602.29,588.13,2984536
2021/12/15,598.18,605.04,605.69,584.51,2866196
2021/12/16,597.09,591.06,602.83,588,3143217
2021/12/17,591.61,586.73,593.25,581.74,4433706
2021/12/20,586.43,593.74,602.88,584.26,3358404
2021/12/21,597.54,604.92,607.82,593.86,2319390
2021/12/22,603.36,614.24,614.82,602.63,2335745
2021/12/23,616.4,614.09,616.88,607.57,1621146
2021/12/27,615,613.12,615,609.25,2062233
2021/12/28,614.95,610.71,618.41,609.69,1884116
2021/12/29,610.71,610.54,613.98,604.68,1287513
2021/12/30,612.99,612.09,620.61,611.24,1625093
2021/12/31,610.01,602.44,614.08,602.05,1995918
2022/01/03,605.61,597.37,609.99,590.56,3068808
2022/01/04,599.91,591.15,600.41,581.6,4393135
2022/01/05,592,567.52,592.84,566.88,4148749
2022/01/06,554.34,553.29,563.36,542.01,5711795
2022/01/07,549.46,541.06,553.43,538.22,3382873
2022/01/10,538.49,539.85,543.69,526.32,4486145
2022/01/11,536.99,540.84,543.91,530.07,3077836
2022/01/12,544.27,537.22,544.27,532.02,3787372
2022/01/13,537.06,519.2,540.79,518.26,4475063
2022/01/14,517.6,525.69,538.37,511.88,7861109
2022/01/18,520.08,510.8,521.75,508.68,4844418
2022/01/19,515,515.86,523.21,510.51,4353508
2022/01/20,517.75,508.25,526.64,506.93,12658993
2022/01/21,400.43,397.5,409.15,379.99,58904266
2022/01/24,383.91,387.15,387.26,351.46,32386782
2022/01/25,379.14,366.42,387.71,365.13,15145816
2022/01/26,378.27,359.7,382.66,356.62,12683981
2022/01/27,382.06,386.7,394.8,378.1,24324747
2022/01/28,386.76,384.36,387,372.08,11966605
2022/01/31,401.97,427.14,427.7,398.2,20047452
2022/02/01,432.96,457.13,458.48,425.54,22568099
2022/02/02,448.25,429.48,451.98,426.48,14346010
2022/02/03,421.44,405.6,429.26,404.28,9905210
2022/02/04,407.31,410.17,412.77,396.64,7789798
2022/02/07,410.17,402.1,412.35,393.55,8232859
2022/02/08,398.18,403.53,406.61,395.83,6818543
2022/02/09,408.65,412.89,412.98,398.79,7738227
2022/02/10,402.1,406.27,408,396.36,8452915
2022/02/11,405.33,391.31,411.61,387.65,7558939
2022/02/14,387.59,396.57,409.36,386.89,7202155
2022/02/15,403.79,407.46,409.16,401.01,5395641
2022/02/16,401.53,398.08,401.56,390.38,5277650
2022/02/17,394.24,386.67,399.11,385.7,4669222
2022/02/18,392.53,391.29,402.87,389.05,6801668
2022/02/22,388.95,377.38,392.42,373.02,6697515
2022/02/23,382.72,367.46,386,366.66,4614290
2022/02/24,355.09,390.03,390.73,354.72,7068724
2022/02/25,386.61,390.8,391.29,375.58,4841636
2022/02/28,387.33,394.52,397.75,382.13,5035046
2022/03/01,391.6,386.24,395,383.71,3290439
2022/03/02,388.93,380.03,389.22,375.21,5356809
2022/03/03,386,368.07,386.12,364.65,6076836
2022/03/04,368,361.73,374.82,357.17,5329180
2022/03/07,360.41,350.26,362,350.2,5708383
2022/03/08,349.8,341.76,358.86,340.67,6428655
2022/03/09,357.69,358.79,364.14,350.51,6520186
2022/03/10,356.2,356.77,367.02,353.3,4807767
2022/03/11,361.19,340.32,363.36,340,4819925
2022/03/14,338.72,331.01,341.32,329.82,5907817
2022/03/15,335.1,343.75,345.36,332.36,5460640
2022/03/16,348.2,357.53,359.99,343.06,6982469
2022/03/17,359.7,371.4,373.31,354.88,5818348
2022/03/18,372,380.6,381.8,368.47,8324825
2022/03/21,378.02,374.59,381.82,368.94,4866463
2022/03/22,371.14,382.92,386.66,366.76,4242762
2022/03/23,379.77,374.49,382.46,374.49,3728954
2022/03/24,379.76,375.71,379.76,368.9,3888461
2022/03/25,377.07,373.85,377.64,366.43,3575953
2022/03/28,375.23,378.51,380.28,366.73,4323435
2022/03/29,384.39,391.82,396.5,380.33,5880723
2022/03/30,389.55,381.47,392.7,378.63,4023301
2022/03/31,383.59,374.59,384,373.61,4134720
2022/04/01,376.8,373.47,380.87,368.5,4644237
2022/04/04,373.55,391.5,396.02,373.13,7009235
2022/04/05,389.3,380.15,390,377.31,4234508
2022/04/06,374.15,368.35,376.47,362.73,4354885
2022/04/07,365,362.15,368.54,353.69,4948909
2022/04/08,361.96,355.88,362.5,354.87,4025183
2022/04/11,350,348,354.78,345.2,3777096
2022/04/12,355.91,344.1,359.41,342.25,3824261
2022/04/13,343.92,350.43,352,341.16,3230950
2022/04/14,350.95,341.13,352,339.86,4343837
2022/04/18,340,337.86,342.36,331.62,5105041
2022/04/19,333.22,348.61,351.68,333.22,20906885
2022/04/20,245.2,226.19,248.7,212.51,133387480
2022/04/21,220,218.22,227.68,211.52,53501603
2022/04/22,220.18,215.52,226.27,210.05,37515127
2022/04/25,213.81,209.91,216.66,204.51,28152045
2022/04/26,208.8,198.4,209.15,198.28,20318089
2022/04/27,194.01,188.54,200.19,187.77,22298394
2022/04/28,191.56,199.52,201.48,185.6,21363162
2022/04/29,198.68,190.36,204.71,190,16391889
2022/05/02,191.71,199.46,200.21,190.01,14591602
2022/05/03,198.29,199.87,203.2,194.77,11839431
2022/05/04,197.65,204.01,204.38,191.01,12218781
2022/05/05,200.45,188.32,200.71,186,13971326
2022/05/06,186.75,180.97,187.21,175.81,17185475
2022/05/09,177.66,173.1,183.2,172.3,14031327
2022/05/10,176.01,177.66,181.87,170.57,13883905
2022/05/11,176.09,166.37,180.92,165.55,12665518
2022/05/12,163.96,174.31,177.58,162.71,17662118
2022/05/13,177.16,187.64,187.77,176.01,13136334
2022/05/16,193.3,186.51,195.89,185.7,16145011
2022/05/17,189.17,190.56,191.4,185.17,9876685
2022/05/18,186.72,177.19,187.7,176.27,9665632
2022/05/19,178.05,183.48,186.3,175.71,10448513
2022/05/20,185.87,186.35,190.19,179.77,10429396
2022/05/23,186.15,187.44,187.66,177.89,9602027
2022/05/24,182,180.34,184,177.17,7706372
2022/05/25,180.28,187.83,188.87,180.17,8522092
2022/05/26,186.49,191.4,192.34,183.09,8049933
2022/05/27,193.19,195.19,195.25,190.37,8585987
2022/05/31,196.18,197.44,199.95,190.8,11398460
2022/06/01,198.7,192.91,202.74,191.66,8416151
2022/06/02,192.02,205.09,205.47,191.72,9623121
2022/06/03,200.14,198.98,202.95,198.05,7191775
2022/06/06,202.09,197.14,203.87,195.38,5372043
2022/06/07,194.87,198.61,199.6,193,4839491
2022/06/08,197.95,202.83,207.38,197.64,7244121
2022/06/09,200.65,192.77,201.69,192.54,6948967
2022/06/10,182.64,182.94,185.86,180.85,13074280
2022/06/13,177.07,169.69,179.09,168.96,10222407
2022/06/14,169.75,167.54,172.06,164.28,11555323
2022/06/15,169.26,180.11,183.85,168.53,12396041
2022/06/16,174,173.35,176.27,171.56,8201306
2022/06/17,173.63,175.51,179.65,173.34,12133372
2022/06/21,177.6,170.91,178.62,169.8,12177592
2022/06/22,170.75,178.89,182.82,170.2,12010615
2022/06/23,180.5,181.71,182.76,175.87,9538226
2022/06/24,183.5,190.85,191.19,181.84,12423974
2022/06/27,191.77,189.14,191.78,182.39,8363879
2022/06/28,189.2,179.6,192.2,179.37,7201897
2022/06/29,179.55,178.36,180.67,175.1,5766847
2022/06/30,177.07,174.87,179.45,170.3,7894710
2022/07/01,176.49,179.95,180.1,174.27,5201583
2022/07/05,176.28,185.88,185.92,172.68,7339023
2022/07/06,185.2,184.06,186.22,180.82,5753385
2022/07/07,184.27,189.27,190.21,183.5,6334545
2022/07/08,186.02,186.98,189.91,182.75,5835680
2022/07/11,184.73,177.34,184.99,176.89,6048447
2022/07/12,177.33,174.45,179.78,173.42,6845264
2022/07/13,170.5,176.56,179.18,169.7,12734421
2022/07/14,175.56,174.78,177.52,171.82,9039457
2022/07/15,175.58,189.11,189.22,174.56,16319116
2022/07/18,192.5,190.92,199.67,189.8,16322845
2022/07/19,193.02,201.63,201.97,188.4,28178716
2022/07/20,208.17,216.44,216.97,200.1,53920266
2022/07/21,214.3,223.88,224.32,211.5,23430117
2022/07/22,222.38,220.44,229.35,218.44,17805452
2022/07/25,221.31,218.51,225.23,216.35,10935247
2022/07/26,216.66,213.91,219.39,211.64,9508532
2022/07/27,216.48,226.75,227.78,214.58,10508385
2022/07/28,224.6,226.02,228.1,219.67,8972738
2022/07/29,223.29,224.9,230.75,222.4,9064937
2022/08/01,223.1,226.21,228.39,221,5525044
2022/08/02,222.76,221.42,228.2,220.88,6361327
2022/08/03,224.79,226.73,228.1,222.42,6400701
2022/08/04,227.68,229.91,232.07,225.05,7142741
2022/08/05,225.3,226.78,228.62,222.87,5539733
2022/08/08,227.49,233.49,241.96,226.41,10997409
2022/08/09,231.62,229.94,232.2,224.65,6181194
2022/08/10,236.99,244.11,244.54,236.6,9254760
2022/08/11,244.68,242.7,251.62,241.51,8780062
2022/08/12,244.81,249.3,249.41,243.76,6098531
2022/08/15,248.11,249.11,251.99,247.51,6527391
2022/08/16,247.16,245.69,249.29,244.03,5136806
2022/08/17,241.18,241.15,244.24,237.56,5627224
2022/08/18,241.96,245.17,246.48,239.28,5280387
2022/08/19,240.95,241.16,243.29,235.68,7504707
2022/08/22,232.55,226.54,233.48,224.59,8630094
2022/08/23,226.46,224.55,229.9,224.3,5276945
2022/08/24,225.66,229.61,234.1,223.94,5426316
2022/08/25,230.24,233.98,234.16,229,3766867
2022/08/26,233.63,223.28,236.95,223.15,5349848
2022/08/29,221.93,224.57,229.87,221.52,7109397
2022/08/30,226.66,220.65,229.79,218.74,5740434
2022/08/31,227,223.56,233.88,223.43,8615906
2022/09/01,220.72,230.04,230.37,219.47,7292917
2022/09/02,231.03,226.11,233.88,225.04,8164883
2022/09/06,225.59,218.39,226.85,214.69,7469016
2022/09/07,220.21,228.96,229.33,218.27,8149329
2022/09/08,224.16,227.44,228.74,221.3,6737436
2022/09/09,229.62,233.57,234.78,229.62,6702060
2022/09/12,233.61,236.53,239.49,233.37,6047425
2022/09/13,226.5,218.13,227.69,217.72,8000128
2022/09/14,219.82,224.12,228,215.8,8230340
2022/09/15,230.47,235.38,242.29,229.1,19454122
2022/09/16,231.22,240.13,241.36,227.83,18914177
2022/09/19,245.05,243.63,245.25,235.75,17912370
2022/09/20,240.37,242.85,250.49,239.66,16037431
2022/09/21,242.67,236.87,248.3,236.68,9166772
2022/09/22,235.35,237.05,240.5,231.66,10017965
2022/09/23,235.14,226.41,236.45,221.43,11207228
2022/09/26,225.6,224.07,232.7,223.01,8234285
2022/09/27,228.63,224.36,230.64,220.72,7762223
2022/09/28,229.69,245.2,246.65,227.38,17579670
2022/09/29,241.61,239.71,246.98,235.68,18994943
2022/09/30,237,235.44,242.44,233.26,11848607
2022/10/03,237.85,239.04,241.54,232.85,8657443
2022/10/04,244.84,240.74,245.8,233.25,13925854
2022/10/05,238.76,236.73,241.59,227.38,10825633
2022/10/06,236.68,240.02,244.28,233.91,9188940
2022/10/07,235.77,224.75,237.33,224.28,9806128
2022/10/10,225.64,229.98,233.83,224.23,9991145
2022/10/11,226.05,214.29,230.44,213.7,15282411
2022/10/12,214.3,220.87,223.67,212.64,12952643
2022/10/13,212.69,232.51,234.47,211.73,17505012
2022/10/14,237.8,230,238.8,229.51,15293400
2022/10/17,234.41,245.1,249.92,234.4,21057824
2022/10/18,249.8,240.86,250.37,237.73,25776731
2022/10/19,265,272.38,279.3,262.66,46685255
2022/10/20,272.78,268.16,278.38,266.38,17207104
2022/10/21,268.95,289.57,290.75,265.68,24889055
2022/10/24,290.23,282.45,290.49,280.36,13326418
2022/10/25,286.95,291.02,297.59,285.55,15100718
2022/10/26,290.04,298.62,305.63,288.04,15749252
2022/10/27,298.33,296.94,305.21,294.78,14612586
2022/10/28,297.7,295.72,301.19,292.29,9960547
2022/10/31,295.13,291.88,297.62,289.5,7505133
2022/11/01,296.17,286.75,299.7,286.42,6916424
2022/11/02,286.4,273,287.33,272.84,10367620
2022/11/03,271.25,269.06,276.29,268.8,7057350
2022/11/04,272.02,260.79,274.97,255.32,11124694
2022/11/07,261.06,258.6,261.15,252.09,7927033
2022/11/08,259.92,263.46,266.08,256.88,7683826
2022/11/09,259.66,254.66,260.9,254.22,7265994
2022/11/10,265.99,274.97,275.36,260.09,9667323
2022/11/11,274.47,290.13,290.66,271.56,9573834
2022/11/14,290,299.27,311,288.19,17973398
2022/11/15,309.2,310.2,312.71,302.55,14626932
2022/11/16,309.94,306.02,310.49,303.61,8038556
2022/11/17,294.72,295.28,299.82,291,9838220
2022/11/18,297.33,287.98,298,287,8400108
2022/11/21,291,285.05,291.87,282.66,7256507
2022/11/22,284.99,286.69,286.98,277.34,6245119
2022/11/23,285.91,291.5,292.47,283.76,5918988
2022/11/25,289,285.54,289.21,284.17,3235953
2022/11/28,284,281.17,289.55,280.53,4707049
2022/11/29,282.5,280.96,282.96,275.94,5786874
2022/11/30,281.37,305.53,308.26,280.41,16070120
2022/12/01,303.99,316.95,319.8,303.03,14664866
2022/12/02,310.49,320.41,321.99,310,12690602
2022/12/05,316.46,312.59,322.77,310.92,8423029
2022/12/06,311,305.56,313.22,303.13,7195395
2022/12/07,306.5,308.42,309.61,302.1,7821634
2022/12/08,309.11,310.26,312.38,304.81,7205326
2022/12/09,321.45,320.01,329,319.52,14364032
2022/12/12,320,315.18,323.18,308.85,10148614
2022/12/13,328,320.34,332.72,317.2,10756428
2022/12/14,318.97,317.83,324.71,314.42,7543291
2022/12/15,302.12,290.41,303.39,286.55,17724556
2022/12/16,288.76,290.71,294.72,288.7,14080045
2022/12/19,289.73,288.3,292.25,286.13,6163667
2022/12/20,281.24,288.19,289.28,280.81,6918114
2022/12/21,289.99,297.96,300.66,286.5,6376173
2022/12/22,298.09,297.75,298.88,290.81,7856192
2022/12/23,296.18,294.96,298.46,291.91,4251108
2022/12/27,293.19,284.17,293.57,282.13,5778098
2022/12/28,281.92,276.88,285.19,273.41,5964369
2022/12/29,283.18,291.12,295.5,281.01,9588527
2022/12/30,285.53,294.88,295.01,283.22,7566892